year,month,ff4_hf,sp500_hf,gs1,logsp500,us_rgdp,us_gdpdef,ebpnew
1992,1,0.0,0.0,4.03,457.4298522321004,461.3425711519686,413.7372122692619,2.1
1992,2,0.00457179,0.03621,4.06,454.2762725859474,461.7326518034638,413.99073016324604,1.89
1992,3,0.0,0.0,3.98,454.12714601378605,462.4393122314512,414.2324874740668,1.71
1992,4,-0.25893526,0.61127,3.73,452.8828952731369,462.57676030208586,414.50218335730824,1.73
1992,5,0.01238169,-0.04802,3.82,453.6784273121627,462.297040836369,414.63517683806555,1.74
1992,6,0.0,0.0,3.76,454.69052778561155,463.6839328504536,414.8122267902572,1.79
1992,7,-0.07221606,0.22288,3.25,451.7649588458596,463.6917034606357,415.14177872484004,2.0
1992,8,0.00525726,0.02617,3.3,457.2646994282531,463.55176294573084,415.2754969768523,2.06
1992,9,-0.00431514,-0.00719,3.22,458.00574851730164,463.8270931593621,415.43886233889464,2.2
1992,10,0.00268304,-0.19372,3.1,459.44125293351317,464.2537629590091,415.79138638181206,2.25
1992,11,-0.00918557,0.19022,3.09,459.3198814206872,464.7025412773767,415.9882583692755,2.09
1992,12,-0.00961387,-0.07718,2.92,461.1748501348214,465.1948527368723,416.16293090276963,2.04
1993,1,0.0,0.0,3.02,460.4169685654508,464.8564359265895,416.40571746334007,2.07
1993,2,-0.00793754,-0.05131,3.03,458.07750291533694,465.0463356927967,416.5563842309941,2.13
1993,3,0.00885343,-0.0844,3.07,457.2130331909891,464.6487935917954,416.7610513308895,2.17
1993,4,0.0,0.0,2.96,457.22336857418264,464.96736781101527,417.027111784527,2.17
1993,5,-0.02382891,0.16628,3.0,447.7336814478207,465.48895212390465,417.3355969056923,2.17
1993,6,0.0,0.0,3.04,449.4015136621929,465.6061867910422,417.36947224476955,2.11
1993,7,0.00218926,0.31433,3.06,449.065679919933,465.41755162973504,417.5294550499781,2.12
1993,8,0.00268304,-0.05693,3.03,445.39983981863526,465.8523747238137,417.6999240344289,1.92
1993,9,0.00317284,0.0022,3.09,448.9759334476763,466.69401455990584,417.8042121243667,1.98
1993,10,0.0,0.0,2.99,446.3260939805398,466.4530907536873,418.11795347644915,1.98
1993,11,-0.00084095,0.04721,3.02,452.91526995641755,467.5714341905335,418.3072520598068,1.94
1993,12,-0.0203899,0.01719,2.96,453.16312826532214,467.9003164662937,418.330126805425,1.92
1994,1,0.0,0.0,3.05,453.9350844950798,468.0599547302298,418.3636669700862,1.9
1994,2,0.13344468,-0.64105,3.25,454.2336876816522,468.51198647729086,418.59509216472634,1.79
1994,3,-0.03096104,0.29613,3.34,453.1846521569248,468.61209008736085,418.8699740703246,1.65
1994,4,0.12949489,-0.68128,3.56,448.90857069672893,469.00728249559086,418.9881988931164,1.55
1994,5,-0.01423935,0.52219,4.01,451.2835574785295,470.29328680968945,419.1335147535729,1.44
1994,6,0.0,0.0,4.25,449.82529036420135,469.6954227378945,419.3767485213173,1.55
1994,7,-0.01588847,-0.22844,4.26,447.19815917443464,469.8620964555845,419.6916192551991,1.5
1994,8,0.03673898,0.25704,4.47,450.84389970283195,470.34508164080364,419.92149577906963,1.5
1994,9,-0.03142971,-0.17136,4.73,457.5432367724135,470.10900290762277,420.03248857593326,1.52
1994,10,0.0,0.0,4.76,457.22336857418264,471.1152558207396,420.20174023957946,1.46
1994,11,0.06404409,-0.44889,5.29,460.2566800117977,470.9585910606718,420.3916198651391,1.36
1994,12,-0.04902763,0.10486,5.45,458.9955020181612,471.87728577733895,420.4558282009895,1.29
1995,1,0.0,0.0,5.53,460.51701859880916,472.169557638883,420.6586347543448,1.3
1995,2,0.05412623,-0.25438,5.92,462.5462889255854,471.27582399557804,420.8357537159066,1.38
1995,3,0.01785999,-0.15511,5.98,465.3674595047706,471.726438435972,421.01998149725677,1.5
1995,4,0.0,0.0,6.05,468.213122712422,471.50564569103386,421.28236518729835,1.54
1995,5,-0.00969957,-0.04189,6.01,471.0070595813461,471.6355995165567,421.4362136473546,1.57
1995,6,0.0,0.0,6.0,475.22099286374066,472.6212405847157,421.5337256224591,1.73
1995,7,-0.24077084,0.2993,5.85,476.82239724243897,472.3309096683007,421.65916930363505,1.76
1995,8,0.0418609,-0.18269,5.74,476.81390142662315,472.68718043767706,421.87427067570644,1.7
1995,9,0.06117591,-0.16138,5.8,476.3284429081783,473.53391410094093,421.94341730609216,1.73
1995,10,0.0,0.0,5.76,483.3659423627053,473.3062607257343,422.20192544764325,1.71
1995,11,0.02389283,-0.06111,5.8,485.87265437104963,473.31705520178735,422.19899160577705,1.75
1995,12,-0.0529832,0.25709,5.6,490.08204280890493,474.08912549233185,422.3909766576744,1.78
1996,1,-0.04374155,0.05541,5.56,491.4271225813173,474.08513946001653,422.6132769715205,1.82
1996,2,0.0,0.0,5.22,494.2927311072179,474.09418837650577,422.77092742895246,1.82
1996,3,0.01732177,0.15989,5.31,495.8710221231336,474.5472686478634,423.07239787070915,1.76
1996,4,0.0,0.0,5.22,494.45667141265506,475.663023513967,423.3715123669909,1.68
1996,5,0.0173348,-0.19289,5.24,494.2713277610797,475.2920569634636,423.5438949831038,1.56
1996,6,0.0,0.0,5.27,499.9372101817545,475.9738777927917,423.5424476270614,1.49
1996,7,-0.02948097,0.1534,5.4,503.68227238499037,476.20043060472767,423.7535401813017,1.48
1996,8,-0.00303561,-0.1306,5.22,500.98349739254866,476.3970567172278,423.84881953021613,1.54
1996,9,-0.11254959,0.00873,5.3,499.7887721273753,476.71366456029523,424.13123639780224,1.52
1996,10,0.0,0.0,5.24,505.2352887448124,477.3724738375402,424.4329434251246,1.54
1996,11,-0.01459773,0.25457,5.31,506.7141643536563,477.57107488434104,424.6106677413001,1.59
1996,12,-0.0052545,-0.06073,5.29,511.9310310721913,477.0313518655213,424.726591530821,1.59
1997,1,0.0,0.0,5.25,512.2772794033107,477.65106651930535,424.85666680698887,1.51
1997,2,0.00139831,-0.30367,5.19,517.9252259389096,478.36211664335383,425.06500616143643,1.52
1997,3,0.06268788,-0.45395,5.39,522.2623522178836,478.3509455890192,425.1704372990307,1.49
1997,4,0.0,0.0,5.51,516.3528040199398,479.64740988118103,425.2686446667828,1.45
1997,5,-0.07684075,0.48372,5.5,523.7611491430642,479.2820851820428,425.2231112131374,1.49
1997,6,0.0,0.0,5.56,528.5586674069218,480.2347608311899,425.3511212438455,1.53
1997,7,-0.01125695,0.1788,5.52,531.8414068247159,480.7775601924054,425.410803225922,1.53
1997,8,0.00584415,-0.37221,5.54,535.4933966966933,481.1066869232496,425.49032383446894,1.52
1997,9,-0.01041732,-0.19196,5.54,525.8068124640351,481.51919414314966,425.7313390500241,1.49
1997,10,0.0,0.0,5.5,530.2608147965192,481.7995841450931,425.8615289758647,1.54
1997,11,-0.03499868,-0.3511,5.52,528.1883060084612,481.65783093878895,425.8671855643777,1.54
1997,12,-0.00419908,-0.08456,5.5,535.3042266237284,482.5532543483542,425.84597170740676,1.51
1998,1,0.0,0.0,5.56,538.9117390874476,482.0445382621682,425.8954637083888,1.65
1998,2,0.0229442,-0.19164,5.51,536.7516883349041,483.4762355213238,425.8431428530926,1.68
1998,3,-0.00038669,-0.13567,5.49,542.6710581316436,483.88299909038943,425.85870056161497,1.67
1998,4,0.0,0.0,5.45,547.206056756712,483.68382202360937,425.98307517131053,1.69
1998,5,-0.02062434,-0.12953,5.49,544.1204854096585,483.8558561611751,426.1199909189521,1.65
1998,6,0.0,0.0,5.56,545.6388921118532,484.80048039072034,426.0353228831314,1.63
1998,7,-0.01747143,0.02716,5.54,549.3966383552854,484.76646277654476,426.2820712194002,1.69
1998,8,0.00624183,0.04839,5.55,544.6780474185659,485.1915664937643,426.41998480604394,1.8
1998,9,0.0363035,-0.6975,5.51,532.0274533900078,486.47285028972124,426.36230940441,2.28
1998,10,-0.20150039,2.09497,5.07,532.2326819008389,486.8377167786115,426.58157999616407,2.65
1998,11,-0.03373968,0.63962,4.83,546.141362935686,487.26701808446256,426.5857920299452,2.51
1998,12,-0.008136,-0.1237,4.68,550.2359644559846,487.17742473720057,426.6868276535944,2.58
1999,1,0.0,0.0,4.63,551.9058033245936,487.56927560632715,426.8269857748736,2.57
1999,2,0.0100694,0.17015,4.76,549.5896925730973,488.1924185816195,426.77094609731637,2.39
1999,3,-0.02573371,-0.16838,4.81,545.2410901885437,488.70254727639787,426.8465922450716,2.3
1999,4,0.0,0.0,4.74,543.0003307373412,488.53438952671803,427.3285410856578,2.3
1999,5,0.10265329,-1.38561,4.74,544.1031468747212,488.8973722736621,427.3940184808824,2.18
1999,6,-0.10518432,1.60132,4.76,544.293705615798,488.9609180600074,427.42465274972875,2.12
1999,7,0.0,0.0,4.99,543.0485330125454,489.87573834842885,427.69022022573245,2.16
1999,8,0.00732746,0.59237,5.07,542.0800450762586,489.7100477882267,427.8719564807953,2.21
1999,9,0.0,0.0,5.22,540.2271894267886,490.1699063637044,428.2302979800842,2.28
1999,10,0.0641457,-0.81193,5.2,529.209806673412,490.8159369101731,428.39864818819564,2.27
1999,11,0.07624969,-0.32364,5.42,536.1104354646802,491.44719710838467,428.48822737873957,2.12
1999,12,0.03242067,0.48527,5.3,537.3795827723942,492.2138994081038,428.72075842457787,1.91
2000,1,0.0,0.0,5.45,533.777843542895,491.2809871923143,428.99250518124984,1.67
2000,2,-0.00582671,-0.3357,5.73,526.7187831351116,491.6801300542684,429.30724625885216,1.77
2000,3,-0.00774995,-0.03942,5.85,515.9112768827488,492.1646141533755,429.7353431115929,2.11
2000,4,0.0,0.0,6.02,514.487476930446,493.6053393219602,429.6523211059941,2.41
2000,5,0.05960927,-0.64349,6.27,516.8948726206754,493.5925332778025,429.7353431115929,2.46
2000,6,-0.03534337,0.26977,6.53,525.9160651346842,493.7830238657854,430.0735231037276,2.38
2000,7,0.0,0.0,6.54,526.7651952237151,493.0248632685626,430.3240428937722,2.3
2000,8,0.04780744,-0.15955,6.5,525.6713816692961,494.0221614613623,430.3172803340055,2.43
2000,9,0.0,0.0,6.52,524.1905732622074,494.05802230095804,430.74647133469773,2.55
2000,10,0.03884197,-0.22039,6.51,528.4370560415412,494.41184553693853,430.88240217895145,2.6
2000,11,0.00621384,-0.6872,6.51,539.376390069205,494.37008399519095,431.0221777544266,2.56
2000,12,0.02151906,-0.56081,6.4,543.6948234717258,494.0358737258806,431.1751691684374,2.78
2001,1,-0.19405822,3.99301,5.98,547.290072724687,493.9466753761898,431.6581035598813,2.77
2001,2,0.0,0.0,5.49,540.7709743319233,493.7474410478525,431.812790882365,2.77
2001,3,-0.06791155,-0.60045,5.31,541.9516781949881,493.9002016403824,431.82211781121396,2.95
2001,4,-0.50644109,2.32456,4.8,536.4994224812317,494.5355672944135,431.99783436712227,2.93
2001,5,-0.14831302,0.37291,4.21,535.5878477072567,494.9768010574369,432.2608316230881,2.68
2001,6,0.08603963,-0.52379,3.97,537.3656723093852,494.34507618722836,432.43710384357155,2.69
2001,7,0.0,0.0,3.77,534.0178820642955,494.316959059339,432.40399367248676,2.73
2001,8,-0.09010571,-0.6934,3.65,534.7202764277847,495.40050334706575,432.39207132668486,2.88
2001,9,-0.07529557,,3.07,538.692330488206,493.9540950791943,432.05102090686324,3.3
2001,10,-0.0603141,-0.35196,2.49,536.6209632590956,494.832773770569,432.40266903758925,3.34
2001,11,-0.17758018,0.6426,2.09,535.9882722206191,494.4092612705794,432.33508938046856,3.16
2001,12,-0.0724479,0.26526,1.82,538.1324905531645,496.07140152909324,432.2316438392951,2.96
2002,1,0.02633679,-0.03735,1.73,538.6282455276681,496.2869382812029,432.3218331102334,2.83
2002,2,0.0,0.0,1.74,539.671368840423,495.7658315552563,432.4900573251764,2.98
2002,3,-0.07093456,-0.33914,1.73,543.5772302001885,496.10513669912376,432.7610046826654,2.83
2002,4,0.0,0.0,1.75,546.801794615211,496.0911321297718,433.1785418237135,2.82
2002,5,-0.03313765,-0.29932,1.75,548.6372455189752,496.1323990610752,433.24424053181207,2.93
2002,6,0.00566774,-0.48238,1.75,549.4541828510984,496.59342980482774,433.36894928743186,3.02
2002,7,0.0,0.0,1.73,543.1623733856262,496.9926378005465,433.58910689381787,3.25
2002,8,-0.1023151,-0.60374,1.74,538.421979554874,496.34545496613185,433.78526744215014,3.32
2002,9,-0.01267204,-1.01173,1.75,539.376390069205,496.58108479557023,433.96539593026324,3.53
2002,10,0.0,0.0,1.75,531.5813414164788,496.40891443927967,434.14780402764063,3.79
2002,11,-0.10318158,-0.53662,1.34,534.9533157932307,496.8011560233884,434.2466864047111,3.57
2002,12,0.01814157,-0.2987,1.24,531.8855017765585,497.4148688316428,434.3428727536664,3.42
2003,1,0.04342205,0.15934,1.24,532.1154600450794,497.15122329409667,434.64124103147117,3.3
2003,2,0.0,0.0,1.26,528.3711214158674,497.3979462937049,435.06133639681383,3.16
2003,3,0.00703319,-0.43291,1.25,525.4260980351117,496.8363856087355,435.3176955944818,3.14
2003,4,0.0,0.0,1.26,524.8338996741795,497.72657320757173,435.1477216934784,2.89
2003,5,-0.0901985,0.12916,1.26,527.6838334870913,498.0032418924238,435.03295479306274,2.81
2003,6,0.14221599,-0.20488,1.22,532.2863626966036,499.04920303501024,435.1412776056045,2.86
2003,7,0.0,0.0,1.01,533.0155123396788,499.30209923706326,435.434706556714,2.64
2003,8,-0.03448743,-0.07643,1.03,532.3107535355256,499.82329809914773,435.7721134645773,2.56
2003,9,-0.00339972,0.09982,1.01,534.2142846088066,500.34138649610156,436.0841301880897,2.52
2003,10,-0.0817273,-0.0135,1.01,533.7345753515515,500.6355321381573,436.09689701478464,2.44
2003,11,0.0,0.0,1.0,538.4540933296654,501.24457547261125,436.22320073457024,2.36
2003,12,0.02845916,-0.11632,0.98,539.2945495626818,501.4027536601781,436.4435310643477,2.33
2004,1,0.12624922,-0.91791,1.0,540.9411414053624,500.8062106213303,436.82952897875833,2.29
2004,2,0.0,0.0,1.01,541.0261164770021,501.6097374243331,437.0422061315747,2.19
2004,3,-0.05886477,-0.05315,1.0,546.5398373925707,502.3851114141496,437.19636724780423,2.28
2004,4,0.0,0.0,1.0,545.9542960047257,502.18505348308344,437.38180361239927,2.11
2004,5,0.00612909,0.36501,1.0,547.0672759030141,503.0135972894409,437.70643428440667,2.03
2004,6,-0.02737725,0.26758,1.03,545.7157035861427,502.3242786542223,437.9911900198316,2.05
2004,7,0.0,0.0,1.26,545.9415286890364,503.48385271021004,438.08384290370725,2.12
2004,8,0.04971448,-0.30232,1.43,540.8471375039928,503.60458166176335,438.13514067588136,2.18
2004,9,-0.01419391,0.0293,1.61,542.70623224386,503.6952359223253,438.3325790405501,2.14
2004,10,0.0,0.0,1.76,539.6985538344738,504.35817275668535,438.76110129677824,2.11
2004,11,-0.02838619,0.1175,1.93,540.285754582196,504.3213470627906,439.1457028402968,2.01
2004,12,-0.01455039,0.06497,2.16,543.1142259660543,504.9098240381021,439.1989341688088,1.92
2005,1,0.0,0.0,2.28,546.801794615211,505.9824700452291,439.33003468972566,1.8
2005,2,-0.01397984,0.01929,2.5,547.8845649720898,505.7296539846809,439.60774578965413,1.65
2005,3,0.06765631,-0.33953,2.63,547.9763540306037,505.83512316724983,439.90681005287337,1.56
2005,4,0.0,0.0,2.79,546.9577975982567,505.99570045498854,440.1866026000139,1.71
2005,5,0.005633,0.621,3.0,545.8904431195986,506.11487771062906,440.24295719440465,1.87
2005,6,0.04697282,-0.41325,3.04,547.9096067084477,507.1707287447348,440.3054001865957,1.86
2005,7,0.0,0.0,3.26,545.779668109336,507.27861004940326,440.72800655860124,1.77
2005,8,-0.01986487,0.21427,3.5,548.6869473092627,507.311689527054,441.13062717388624,1.7
2005,9,0.02471223,-0.15015,3.62,547.12197014255,506.54415598406064,442.0910752723848,1.83
2005,10,0.0,0.0,3.78,548.2595341640379,506.8120761220306,442.2508571381033,1.84
2005,11,0.00645912,0.2192,4.0,547.8261098556027,507.5122689797558,442.0417676822263,1.85
2005,12,-0.02711052,0.52662,4.16,548.5419146514981,508.5365400839733,442.0417676822263,1.85
2006,1,0.02985199,-0.22803,4.29,548.1347005925672,508.6482617840197,442.5253734607981,1.82
2006,2,0.0,0.0,4.49,547.9596713763548,508.9710547247891,442.58521142139114,1.7
2006,3,0.04601083,-0.62108,4.59,548.9226940528524,509.81484530577364,442.7788408370544,1.69
2006,4,0.0,0.0,4.79,549.108418120353,509.23600711730217,443.24226516284097,1.69
2006,5,0.05077098,-0.19309,4.94,549.7209208059954,509.60588829504456,443.51052094995384,1.64
2006,6,-0.04296139,0.54151,4.99,550.2033420196148,509.36011118758813,443.75677692001574,1.67
2006,7,0.0,0.0,5.24,551.3912500104917,509.0804177460907,444.09792712664176,1.67
2006,8,-0.04054683,-0.2469,5.25,553.1767620850885,509.44652410875096,444.41207644696766,1.71
2006,9,0.0178247,-0.26777,5.25,556.7084167886663,510.05966303221663,444.1497650165867,1.71
2006,10,-0.010461,-0.07474,5.25,556.3562093880881,510.5316261467882,443.91392141301174,1.69
2006,11,0.0,0.0,5.25,558.169016741172,511.1575769078681,443.94815323359353,1.6
2006,12,-0.03226615,0.26109,5.24,557.0860420157014,511.03411988499835,444.3027656231281,1.66
2007,1,-0.00805751,0.4816,5.25,559.2515662227614,510.9981746660413,444.63620101787757,1.58
2007,2,0.0,0.0,5.26,561.075302534101,511.76083484349147,444.94632958935273,1.56
2007,3,-0.08335045,0.81634,5.26,559.3334968097964,510.9737882861983,445.31139778894453,1.71
2007,4,0.0,0.0,5.25,560.8298946494585,511.69220207179836,445.5462952747063,1.7
2007,5,0.0365754,-0.13457,5.25,563.956390232955,511.6691280456411,445.8362480416091,1.64
2007,6,0.01206259,-0.27362,5.25,565.1400868974447,511.74581799721193,446.0479617866325,1.6
2007,7,0.0,0.0,5.26,562.9202596300465,511.4537413061675,446.2003955594366,1.65
2007,8,-0.04407997,-1.25388,5.02,560.5066501717043,512.6199045126343,446.26845376913354,1.98
2007,9,-0.20509211,1.32029,4.94,562.9453965365439,512.6918229219974,446.65286157616026,2.07
2007,10,0.05345248,-0.41526,4.76,567.0225691127358,512.3591434587892,446.95566271592446,1.95
2007,11,0.0,0.0,4.49,568.6670225046239,512.1819989165084,447.4845076311854,2.25
2007,12,0.0378258,-1.76769,4.24,571.4821321771417,512.289977297757,447.71549797654586,2.55
2008,1,-0.27966567,,3.94,570.2281348529934,512.2795035576074,447.9674987909885,2.8
2008,2,0.0,0.0,2.98,564.7423740986817,510.89921828625125,448.1668329000747,3.08
2008,3,0.1542557,0.47764,2.61,564.4846010432891,511.0449232336514,448.45268134657476,3.38
2008,4,-0.07965366,0.16293,2.28,567.407899528276,511.31242033898207,448.6375388673455,3.29
2008,5,0.0,0.0,1.98,567.0225691127358,511.18855126407146,449.065679919933,3.05
2008,6,-0.05339118,0.03392,2.0,568.2967334942281,512.0406254894075,449.7885598267991,2.97
2008,7,0.0,0.0,2.01,561.3018611342612,511.1432184915431,450.2528194016212,3.15
2008,8,-0.03600638,0.13432,2.0,564.4987428145695,510.85497561850923,450.1718957591886,3.26
2008,9,0.10555427,-0.62947,1.81,566.9811955085048,510.03367064854643,450.2550355663266,3.62
2008,10,-0.11447943,,0.97,565.3541258219454,509.9306852667619,449.5924354478613,5.07
2008,11,-0.09246889,1.64061,0.39,553.6073630230092,511.1555911425641,448.40528477178276,5.68
2008,12,-0.24761027,1.59331,0.16,551.5724496010309,509.8614751258989,447.84498312088556,6.01
2009,1,-0.01051577,-0.1973,0.15,550.8010870137841,510.2034223515318,447.8563334721912,5.62
2009,2,0.0,0.0,0.22,542.8292442969782,509.75999173739694,448.035498249613,5.21
2009,3,-0.06080585,1.80819,0.18,535.3136936312144,509.35579274464783,447.92554273084073,5.6
2009,4,0.01684608,0.62292,0.15,538.8020949629815,509.15392528838083,448.0683480865088,5.46
2009,5,0.0,0.0,0.18,541.7920966193868,509.1712529918783,448.172490000586,4.77
2009,6,0.03844336,-0.6802,0.21,547.1261761529395,508.77289308529373,448.76471165375665,3.78
2009,7,0.0,0.0,0.16,547.302669033985,508.5573376554311,448.7759580970807,3.53
2009,8,-0.01414656,-0.26438,0.16,553.2796427525992,508.9901948997915,449.065679919933,2.99
2009,9,-0.08797793,0.52867,0.15,554.0832079541503,508.8935959016314,449.22702087726407,2.91
2009,10,0.0,0.0,0.12,557.2876204808402,509.9099441791883,449.6058197904312,2.9
2009,11,-0.0248939,0.08621,0.12,558.327071942856,509.4683180072263,449.855332590445,2.92
2009,12,0.00162264,-0.05211,0.12,562.0799337041543,508.93047445437423,449.913166275729,2.78
2010,1,0.02768005,0.09656,0.11,561.4222397943558,509.4777363493904,450.13196408618643,2.52
2010,2,0.0,0.0,0.13,560.1675918384825,509.66993236791484,450.129745192305,2.65
2010,3,-0.0358241,0.19305,0.16,562.8304333480244,510.31391617336163,450.27054734422904,2.54
2010,4,-0.00672185,0.16698,0.2,566.3411767179517,510.89552710222443,450.32481962627077,2.4
2010,5,0.0,0.0,0.2,564.7705828435795,510.9332139786659,450.3569260871414,2.63
2010,6,0.0037771,0.34692,0.18,559.919943446376,511.51877403610547,450.3148534558742,3.03
2010,7,0.0,0.0,0.18,557.0784273193337,511.92297040681575,450.40008749487333,3.0
2010,8,-0.01793174,0.68052,0.19,562.7513194198473,511.76524112412204,450.5371949909205,2.96
2010,9,-0.00565893,0.59361,0.19,561.1520976229896,512.2971335796345,450.6365908929489,3.01
2010,10,0.0,0.0,0.19,566.3897540957287,512.523628925813,450.955095843343,3.18
2010,11,-0.00185915,-0.30103,0.19,569.1642414762032,512.1733878330631,451.15405932059633,3.16
2010,12,-0.00467162,0.01285,0.18,567.805432608347,512.6804455335862,451.3800233283323,2.81
2011,1,-0.00794431,-0.08019,0.17,571.5645167198713,511.6043589958857,451.67978833591195,2.7
2011,2,0.0,0.0,0.16,569.7965589334636,511.4909956204122,451.95796173538884,2.57
2011,3,0.00677178,0.27359,0.14,572.1687878525036,512.5888709219292,452.3591298995064,2.62
2011,4,-0.01033672,0.1752,0.1,573.2855722141908,512.6204166117568,452.7824670951344,2.56
2011,5,0.0,0.0,0.09,578.2131441067177,512.2061265691723,453.0856038735591,2.61
2011,6,0.00338589,0.10646,0.09,580.5526458539485,511.9299926157077,453.06513602148095,2.75
2011,7,0.0,0.0,0.07,577.6599137237998,512.3694803396511,453.2352150738686,2.76
2011,8,-0.0263505,-0.87788,0.1,575.9973754305944,512.7739131844089,453.47048023155867,3.06
2011,9,0.05429585,-0.609,0.08,576.3622475012218,511.9619055601684,453.61094550558835,3.29
2011,10,0.0,0.0,0.07,572.5902675740284,513.5307011997585,453.6130884851872,3.22
2011,11,0.00957808,-0.13996,0.08,576.7977186698198,513.1982290969439,453.8175317163813,3.13
2011,12,0.00940909,-0.81154,0.07,579.1793351978914,513.0959931930859,453.8752567118376,3.27
2012,1,-0.01802415,0.30319,0.08,581.5741174342254,513.4255395850067,454.21664864090906,3.26
2012,2,0.0,0.0,0.1,579.8607688398645,514.905437253256,454.44005536581403,3.17
2012,3,0.00805751,0.02241,0.13,583.2468815617524,513.7644092571342,454.63115039816853,3.06
2012,4,0.0,-0.0166,0.14,586.2181261343891,514.3901976024914,454.76258153234477,3.14
2012,5,0.0,0.0,0.16,586.3204948412558,514.7756588863539,454.65023983222477,3.27
2012,6,0.01631926,-0.02733,0.16,585.0275336670169,514.7834667286393,454.59932657458575,3.4
2012,7,0.0,0.0,0.16,588.3099522429857,515.3756609084982,454.63539280955575,3.34
2012,8,0.01274371,-0.1668,0.13,590.8897823451019,514.7634092903844,454.9710328783724,3.23
2012,9,0.01577163,0.61107,0.14,590.241473027447,515.0142913145363,455.27499410407586,3.12
2012,10,0.0,-0.00141,0.16,591.3421921269941,514.5461798626159,455.5706795252501,2.83
2012,11,0.0,0.0,0.16,589.9787758536078,515.0370813349737,455.5023602297499,2.86
2012,12,-0.00356494,0.39349,0.16,591.3989373828571,515.7382535943711,455.48658760783434,2.91
2013,1,-0.00338589,-0.07702,0.14,588.8268354279533,516.5089290365482,455.6767446759924,2.82
2013,2,0.0,0.0,0.15,594.3114286166935,515.7037858291897,456.0319252850195,2.87
2013,3,0.00183907,0.10916,0.14,597.3249658687076,516.1950067416253,455.90005851412405,2.89
2013,4,0.0,0.0,0.15,601.7302844614097,516.4068787836504,455.7984234381337,2.83
2013,5,0.00112635,0.14053,0.11,604.5929057869388,516.2502227168393,455.87177871147526,2.8
2013,6,0.00475918,-0.06366,0.09,602.1751239712855,517.0400195205673,456.0936126990842,2.89
2013,7,-0.00411828,-0.03255,0.09,601.559602668291,517.1750320454859,456.21791741829963,2.74
2013,8,0.0,0.0,0.08,605.3640905534658,517.6472760327642,456.3660455031338,2.68
2013,9,-0.01518739,1.00779,0.08,600.714102649299,517.6573654076484,456.40981602126266,2.66
2013,10,0.00221336,-0.29372,0.09,601.6742354292251,518.2349320938526,456.5420532970781,2.69
2013,11,0.0,0.0,0.08,607.6219212972791,518.7030565833617,456.6907413862759,2.66
2013,12,0.00135158,0.7595,0.09,609.0359204082196,518.6227476336553,456.8651419287671,2.48
2014,1,0.00327533,-0.40308,0.07,609.2711614124265,517.8239861434246,457.07236582537234,2.33
2014,2,0.0,0.0,0.07,603.8228851083867,518.2360351248739,457.11996664169374,2.39
2014,3,0.01611501,-0.20472,0.08,607.2514439708145,518.2263848460948,457.28019409553616,2.34
2014,4,0.00110668,0.01755,0.09,609.1128870220927,518.9752324016677,457.457694890326,2.19
2014,5,0.0,0.0,0.09,611.7766746972637,519.628337564617,457.6225295264303,2.2
2014,6,0.00695083,0.31782,0.1,613.5088587190858,519.8849129295735,457.73158303518045,2.2
2014,7,-0.00584415,0.39686,0.09,612.9768905985114,520.5287941648896,457.87338039150535,2.19
2014,8,0.0,0.0,0.09,609.4720349409752,521.181285857386,457.86105816527413,2.27
2014,9,0.0137226,0.24878,0.09,613.9431863571309,520.8158601337011,457.8959671968004,2.27
2014,10,0.0218359,-0.29393,0.09,614.2187931892113,521.425919458462,457.8661926107295,2.39
2014,11,0.0,0.0,0.09,617.5659348283616,521.6304478876237,457.7706487483181,2.46
2014,12,-0.04968888,0.74124,0.12,622.7524323688738,521.6811828236055,457.5947327311188,2.53
2015,1,-0.00589892,-0.25168,0.11,621.37677454245,522.7070109047704,457.11375912438837,2.57
2015,2,0.0,0.0,0.11,620.099587100233,523.2026385540566,457.29052254008155,2.53
2015,3,-0.06350085,1.42474,0.11,624.1873009570204,522.7006556155882,457.4793449329375,2.5
2015,4,0.0,0.09256,0.12,621.72645668834,523.5756276676346,457.56795814210324,2.54
2015,5,0.0,0.0,0.12,620.7563342295487,523.4295813899435,457.8076442989975,2.69
2015,6,-0.04185531,0.33272,0.13,621.4788082224136,523.6820116214535,458.00164671045513,2.77
2015,7,-0.00935432,0.12738,0.13,619.2914484336936,523.742264012488,458.0928721615057,2.88
2015,8,0.0,0.0,0.14,624.4555174790145,523.8090317873084,458.10004366808863,3.02
2015,9,-0.07006399,0.14133,0.14,618.2683900837549,524.3517781388344,457.9616452739727,3.17
2015,10,0.03971968,-0.6055,0.12,618.3963306707486,524.420226389077,457.9616452739727,3.27
2015,11,0.0,0.0,0.12,623.8773742920972,523.9291560266832,458.02420456632404,3.2
2015,12,0.02448184,0.13922,0.24,622.5963382460327,524.3282982214719,457.9400994094128,3.22
2016,1,-0.02751435,-0.36597,0.34,625.078572454078,524.5321987865186,457.9811351521201,3.36
2016,2,0.0,0.0,0.38,625.5250876884209,524.4324281217545,457.9288116273988,3.56
2016,3,-0.08519224,0.26709,0.36,625.5865198270393,525.0389479349412,458.1625164662902,3.24
2016,4,0.01075061,0.24476,0.37,629.8140096052297,525.1491679843466,458.48960475480015,2.98
2016,5,0.0,0.0,0.37,628.3443624197622,524.9186826280508,458.65274857163854,2.87
2016,6,-0.04285424,-0.04467,0.38,628.9845432606472,525.0330548564627,458.8278318317873,2.89
2016,7,0.00514028,0.21188,0.39,633.6808031874765,525.1937754830723,458.84511993812174,2.72
2016,8,0.0,0.0,0.4,632.7990353722869,525.6602439710348,458.9843327478583,2.68
2016,9,-0.03527646,0.29354,0.4,632.1253787890262,526.0969874003282,459.1740408876367,2.68
2016,10,0.0,0.0,0.4,630.3607497984773,525.7497057775711,459.37856271214537,2.62
2016,11,0.00331647,0.06189,0.41,629.3918230135164,526.3503986302632,459.4119349801007,2.57
2016,12,0.03712366,-0.24159,0.54,624.7675302126387,526.5891635463685,459.5836764807015,2.34
2017,1,0.0,0.0,0.65,627.6248674570444,526.4320823364957,459.96650605535996,2.23
2017,2,-0.02051911,0.16147,0.66,629.0661320207593,526.4868967972292,460.10215924617575,2.22
2017,3,-0.04693258,0.28177,0.79,633.8222984621493,527.0086408407437,460.0509341105896,2.2
2017,4,0.0,0.0,0.9,633.1128114582922,526.6251474821646,460.24163977914696,2.27
2017,5,0.01381378,0.03859,0.91,633.954768697801,527.3253462048249,460.19851190433167,2.25
2017,6,0.01913702,-0.0406,1.04,636.5696952785048,527.8282180086898,460.28274439096134,2.18
2017,7,-0.01319881,0.02098,1.15,634.0059435138503,527.8797097709654,460.31982429858624,2.07
2017,8,0.0,0.0,1.16,634.3950730425261,528.1244166023496,460.5440149544651,2.1
2017,9,0.04200895,-0.14615,1.15,633.1163714440527,528.6106664253967,460.9162207257629,2.1
2017,10,0.0,0.0,1.15,631.9670569669195,528.7139952949976,461.04661376472745,1.96
2017,11,0.00182186,0.08571,1.16,630.3625794739844,529.4959911418058,461.18975067375186,1.92
2017,12,-0.00584415,0.07573,1.3,635.6229181089767,529.816054168285,461.33466672722267,1.82
2018,1,0.00513021,-0.10361,1.41,637.5688994445279,529.8706968406989,461.7088875381619,1.68
2018,2,0.0,0.0,1.42,638.965324624537,530.3476100946738,461.9230869636426,1.65
2018,3,-0.00152057,0.3479,1.51,630.8062010973451,530.0534333208942,462.02952237331607,1.8
2018,4,0.0,0.0,1.69,629.4767722337681,530.3808473115225,462.26760601177574,1.8
2018,5,-0.00520895,0.1428,1.7,624.8526316625652,530.971890112721,462.4394214555757,1.85
2018,6,0.01793146,-0.13533,1.82,623.0501132424104,531.0478900299073,462.5257086600273,1.92
2018,7,0.0,0.0,1.91,627.1139649157847,531.3907388856966,462.63150493371984,1.9
2018,8,-0.00297867,0.02134,1.91,630.919074090814,531.6030084977562,462.70099525925474,1.88
2018,9,0.001063,0.22624,1.95,631.2605573303429,531.5611594201176,462.9062478407693,1.88
2018,10,0.0,0.0,2.19,631.8805938434567,531.6359817340598,463.07891986057103,1.92
2018,11,0.00416709,0.09441,2.2,633.9794770511149,531.7046316685327,463.1130287657623,2.1
2018,12,0.02319353,-0.94125,2.27,635.6836561649702,531.7927669531275,463.1821853985452,2.3
2019,1,-0.02494451,0.77383,2.4,625.7437676397548,532.4221799268313,463.19484270206954,2.41
2019,2,0.0,0.0,2.4,630.6165791902557,532.339322769638,463.33882840620754,2.27
2019,3,-0.03277562,0.50599,2.41,632.715076060823,532.3446492317493,463.5272529804535,2.27
2019,4,0.0,0.0,2.42,636.3217740730611,532.7203184172408,463.8324458520251,2.17
2019,5,-0.04719874,0.20476,2.39,638.6273075027617,533.107468937157,463.88563811428884,2.23
2019,6,-0.06827621,0.23767,2.38,634.5513546269653,533.6546070110361,463.9272050933063,2.39
2019,7,0.04801467,-0.13745,2.4,639.2486465518771,534.1736957289958,464.0614546921286,2.22
2019,8,0.0,0.0,2.13,641.5473320417376,534.3568146117877,464.11259596376607,2.24
2019,9,0.03148517,-0.37358,2.04,643.1765770051603,534.5337404352341,464.20227125844804,2.21
2019,10,0.01160735,0.34921,1.83,644.4735207830545,534.4485991151396,464.40158288112895,2.21
2019,11,0.0,0.0,1.55,644.1408953639749,535.1730979909205,464.4362052571468,2.13
2019,12,-0.00362073,0.16766,1.55,645.2190900198412,535.1332579033252,464.7098768014486,2.02
2020,1,0.00889675,0.02827,1.55,647.2299925574256,535.070477966345,464.8785076740238,2.01
2020,2,0.0,0.0,1.58,647.4276424418773,535.4533350657971,464.967499063043,2.11
2020,3,-0.19555916,,0.65,638.8914284453015,530.4884094623956,464.66767461398166,3.42
2020,4,-0.01422855,-0.18878,0.05,632.8525895882835,520.6767277027354,464.24274343438,3.47
2020,5,0.0,0.0,0.05,639.2854697174116,525.1123292949547,464.33326470824403,3.28
2020,6,-0.00227921,0.59258,0.08,640.6516883852051,530.4839015356173,464.6302532344233,2.91
2020,7,-0.0041468,0.06893,0.09,639.9143868701846,532.1685219535904,464.9579338955497,2.69
2020,8,0.0,0.0,0.1,646.460387989264,532.9028075745135,465.2711952185325,2.62
2020,9,-0.00094649,0.40618,0.09,650.9558691063633,534.0393954134718,465.4417388556704,2.68
2020,10,0.0,0.0,0.09,649.0935955035267,534.572970457608,465.5140605762731,2.65
2020,11,-0.00110668,0.0341,0.09,646.0624070196334,533.8392703690023,465.5834782786722,2.43
2020,12,0.00025959,-0.16237,0.09,653.1416840924898,534.3935982130234,466.0671115848965,2.23
2021,1,0.00178298,-0.34152,0.09,654.580932478747,535.7982196475374,466.4806083883965,2.16
2021,2,0.0,0.0,0.08,649.1102825233396,534.5800754313277,466.8351536586216,2.16
2021,3,-0.00816395,0.53485,0.07,647.6033460720492,536.6580315855689,467.3445466735049,2.13
2021,4,-0.00450365,0.05755,0.07,655.0308608767841,536.9438899103125,467.89966899619327,1.97
2021,5,0.0,0.0,0.06,657.0448694389438,537.1782207463068,468.4046059328992,2.0
2021,6,0.02260112,-0.49477,0.08,658.6805936414211,537.4225411444851,468.90976459233775,1.92
2021,7,0.00221336,0.18406,0.1,658.149868455058,537.7739907861982,469.391339582248,1.92
2021,8,0.0,0.0,0.09,660.491895875868,538.004998588712,469.81139316308287,1.96
2021,9,0.0,0.37317,0.08,661.7590126236549,538.4750103733875,470.13527124601245,1.86
2021,10,0.0,0.0,0.08,657.1694957512228,539.6667008588556,470.7798973872798,1.77
2021,11,0.00596157,0.23372,0.08,660.8122075410602,539.5811132279445,471.3970777793081,1.72
2021,12,0.03552127,0.62031,0.08,659.5452591348109,540.316936911461,472.06394357942054,1.84
2022,1,-0.00795803,-0.2151,0.08,669.0345259515688,539.5252982403885,472.5873398220004,1.82
2022,2,0.0,0.0,0.08,667.5041074727977,539.5359906615387,473.1767594009685,2.04
2022,3,0.09831256,-0.74763,0.2,665.99219275736,539.497923538333,474.01030960280985,2.16
2022,4,0.0,0.0,0.33,667.3891975886379,539.5097346231381,474.3095660479219,1.91
2022,5,-0.03187379,-0.14965,0.77,669.7651341175731,539.9758147289875,474.8802888166934,2.22
2022,6,0.0764084,-0.12554,1.21,664.9243583830137,539.9808049445082,475.78483536297966,2.13
2022,7,-0.00573564,0.05081,1.68,662.0139870974899,539.8377871766654,475.7985689149269,2.31
2022,8,0.0,0.0,2.33,665.0925670013121,540.9557662207912,476.12333216196794,2.25
2022,9,0.09164352,-1.35205,2.56,663.198860207827,540.4863657066591,476.4854100626198,2.17
2022,10,0.0,0.0,3.08,654.5033518412805,540.7517732422638,476.93447441759974,2.28
2022,11,-0.07652252,0.70408,3.78,662.9693449907346,541.1946967109076,477.1565592231787,2.18
2022,12,0.08745958,-1.14497,4.1,668.9823124718461,541.0292663223075,477.36294367888974,1.97
2023,1,0.0,0.0,4.33,665.8177912563903,541.454262002412,477.92159258142857,1.97
2023,2,0.01037026,0.13746,4.57,664.7571635232166,541.5014444483195,478.2361941152517,1.84
2023,3,-0.02787335,0.28513,4.65,662.2377216925438,541.5284430359275,478.35673858898895,2.05
2023,4,0.0,0.0,4.83,665.978098053742,541.416109171027,478.6599678344187,2.07
2023,5,0.01850483,0.11806,5.06,669.3571469039399,541.8696115760854,478.76583955613665,2.2
2023,6,0.05250713,-0.69926,5.08,662.9482136727222,542.1298161844127,478.93317156599346,2.0
2023,7,0.00397215,0.08908,5.12,665.7779953702461,542.7128638629599,479.05952552346764,1.84
2023,8,0.0,0.0,5.33,667.7486402725339,543.2186478311808,479.4161119629431,1.85
2023,9,0.05132388,-0.17053,5.33,663.8554700075623,543.5683877574551,479.79947261751914,1.78
2023,10,0.0,0.0,5.33,658.9421540664179,543.2021611044015,479.83410094053517,1.83
2023,11,-0.013891,0.01259,5.33,657.5619625776051,543.989669742374,479.82338393139486,1.79
2023,12,-0.05166427,0.66225,5.33,661.2390436150932,544.7209450389267,479.9486187630414,1.62
2024,1,0.02135303,-0.30595,5.33,663.6366415039932,544.0534752007463,480.3250255948611,1.62
