year,month,ff4_hf,sp500_hf,gs1,logsp500,us_rgdp,us_gdpdef,ebpnew
1992,1,0,0,4.03,441.61864863205864,461.3425711519686,413.7372122692619,0.085900001
1992,2,0.00457179,0.03621,4.06,439.82690102197466,461.7326518034638,413.99073016324604,0.1338
1992,3,0,0,3.98,443.26009206368144,462.4393122314512,414.2324874740668,0.076800004
1992,4,-0.25893526,0.61127,3.73,441.3404170366137,462.57676030208586,414.50218335730824,0.073700003
1992,5,0.01238169,-0.04802,3.82,442.3888088768799,462.2970408,414.63517683806555,0.0232
1992,6,0,0,3.76,444.1238494305727,463.6839328504536,414.8122267902572,0.0142
1992,7,-0.07221606,0.22288,3.25,445.97975329723386,463.6917034606357,415.14177872484004,-0.0603
1992,8,0.00525726,0.02617,3.3,448.45832229989736,463.55176294573084,415.2754969768523,0.1166
1992,9,-0.00431514,-0.00719,3.22,443.88794462666647,463.8270931593621,415.43886233889464,0.22310001
1992,10,0.00268304,-0.19372,3.1,447.2210058731861,464.2537629590091,415.79138638181206,0.1418
1992,11,-0.00918557,0.19022,3.09,449.5132080779154,464.7025412773767,415.9882583692755,0.1046
1992,12,-0.00961387,-0.07718,2.92,455.6609995372714,465.1948527368723,416.16293090276963,0.1479
1993,1,0,0,3.02,459.64321200448063,464.8564359265895,416.40571746334007,0.114
1993,2,-0.00793754,-0.05131,3.03,462.8398312107298,465.0463356927967,416.5563842309941,0.083700001
1993,3,0.00885343,-0.0844,3.07,464.7750633523209,464.6487935917954,416.7610513308895,0.066399999
1993,4,0,0,2.96,468.3981366412381,464.96736781101527,417.0271118,0.079400003
1993,5,-0.02382891,0.16628,3,464.9091373046019,465.48895212390465,417.3355969056923,0.0528
1993,6,0,0,3.04,464.48715528396434,465.6061867910422,417.36947224476955,-0.038899999
1993,7,0.00218926,0.31433,3.06,469.2631461758086,465.41755162973504,417.5294550499781,-0.043299999
1993,8,0.00268304,-0.05693,3.03,471.0340683593631,465.8523747238137,417.6999240344289,-0.054200001
1993,9,0.00317284,0.0022,3.09,473.44425216922303,466.69401455990584,417.8042121243667,0.039799999
1993,10,0,0,2.99,475.10870608882465,466.4530907536873,418.11795347644915,-0.0253
1993,11,-0.00084095,0.04721,3.02,468.9970787680557,467.5714341905335,418.3072520598068,-0.111
1993,12,-0.0203899,0.01719,2.96,465.3484046266642,467.9003164662937,418.3301268,-0.1353
1994,1,0,0,3.05,467.1051555101604,468.0599547302298,418.3636669700862,-0.2128
1994,2,0.13344468,-0.64105,3.25,472.09066844706877,468.51198647729086,418.59509216472634,-0.40419999
1994,3,-0.03096104,0.29613,3.34,466.36277555596604,468.61209008736085,418.8699740703246,-0.29319999
1994,4,0.12949489,-0.68128,3.56,462.03543213131314,469.00728249559086,418.9881988931164,-0.2538
1994,5,-0.01423935,0.52219,4.01,465.19583474868506,470.29328680968945,419.1335147535729,-0.25569999
1994,6,0,0,4.25,470.1661486176853,469.6954227378945,419.3767485213173,-0.30399999
1994,7,-0.01588847,-0.22844,4.26,466.9833699313814,469.8620964555845,419.6916192551991,-0.27399999
1994,8,0.03673898,0.25704,4.47,469.0980842401203,470.34508164080364,419.92149577906963,-0.23370001
1994,9,-0.03142971,-0.17136,4.73,472.3042107,470.10900290762277,420.03248857593326,-0.3651
1994,10,0,0,4.76,464.55440801263643,471.1152558207396,420.20174023957946,-0.27129999
1994,11,0.06404409,-0.44889,5.29,465.9658371272161,470.9585910606718,420.3916198651391,-0.22229999
1994,12,-0.04902763,0.10486,5.45,459.6129441335942,471.87728577733895,420.4558282009895,-0.16590001
1995,1,0,0,5.53,460.51701859880916,472.1695576,420.6586347543448,-0.2102
1995,2,0.05412623,-0.25438,5.92,466.41935264375525,471.27582399557804,420.8357537159066,-0.25139999
1995,3,0.01785999,-0.15511,5.98,471.5548093,471.7264384,421.01998149725677,-0.25569999
1995,4,0,0,6.05,471.68010021592767,471.50564569103386,421.28236518729835,-0.2068
1995,5,-0.00969957,-0.04189,6.01,474.9789875598035,471.6355995165567,421.4362136473546,-0.30329999
1995,6,0,0,6,482.2054187131157,472.6212405847157,421.5337256224591,-0.1151
1995,7,-0.24077084,0.2993,5.85,482.57504548991363,472.3309096683007,421.65916930363505,-0.28569999
1995,8,0.0418609,-0.18269,5.74,485.2108385868018,472.68718043767706,421.87427067570644,-0.1794
1995,9,0.06117591,-0.16138,5.8,490.4607889450725,473.53391410094093,421.94341730609216,-0.149
1995,10,0,0,5.76,496.46611611863057,473.3062607257343,422.20192544764325,-0.1109
1995,11,0.02389283,-0.06111,5.8,493.26737526265447,473.31705520178735,422.19899160577705,-0.0274
1995,12,-0.0529832,0.25709,5.6,499.9978713907726,474.08912549233185,422.3909766576744,-0.031500001
1996,1,-0.04374155,0.05541,5.56,500.82324094799446,474.08513946001653,422.6132769715205,-0.080399998
1996,2,0,0,5.22,505.70098446061553,474.09418837650577,422.77092742895246,-0.30689999
1996,3,0.01732177,0.15989,5.31,507.35474934892426,474.5472686478634,423.07239787070915,-0.3186
1996,4,0,0,5.22,508.3265985131163,475.6630235,423.3715123669909,-0.26949999
1996,5,0.0173348,-0.19289,5.24,506.3101233999558,475.2920569634636,423.5438949831038,-0.29640001
1996,6,0,0,5.27,508.2397660323146,475.9738777927917,423.5424476270614,-0.25580001
1996,7,-0.02948097,0.1534,5.4,509.1354695837631,476.20043060472767,423.7535401813017,-0.30219999
1996,8,-0.00303561,-0.1306,5.22,506.8338004224545,476.3970567172278,423.84881953021613,-0.3691
1996,9,-0.11254959,0.00873,5.3,509.9561503290657,476.71366456029523,424.13123639780224,-0.3691
1996,10,0,0,5.24,516.3699669823093,477.3724738375402,424.4329434251246,-0.3114
1996,11,-0.01459773,0.25457,5.31,523.3565489,477.57107488434104,424.6106677413001,-0.27270001
1996,12,-0.0052545,-0.06073,5.29,532.3546420593811,477.0313518655213,424.7265915,-0.38
1997,1,0,0,5.25,528.4928129,477.65106651930535,424.85666680698887,-0.28929999
1997,2,0.00139831,-0.30367,5.19,536.2465186371788,478.36211664335383,425.06500616143643,-0.4278
1997,3,0.06268788,-0.45395,5.39,539.9564433564321,478.3509455890192,425.1704372990307,-0.43720001
1997,4,0,0,5.51,532.4180026073764,479.64740988118103,425.2686446667828,-0.38479999
1997,5,-0.07684075,0.48372,5.5,539.1625543681688,479.2820851820428,425.2231112131374,-0.41029999
1997,6,0,0,5.56,543.5728722370997,480.2347608311899,425.3511212438455,-0.49599999
1997,7,-0.01125695,0.1788,5.52,548.8234999963619,480.7775601924054,425.4108032,-0.4666
1997,8,0.00584415,-0.37221,5.54,559.9199434,481.1066869232496,425.49032383446894,-0.45609999
1997,9,-0.01041732,-0.19196,5.54,552.0500456767122,481.51919414314966,425.7313390500241,-0.51450002
1997,10,0,0,5.5,559.6753901897678,481.7995841450931,425.8615289758647,-0.36219999
1997,11,-0.03499868,-0.3511,5.52,557.4053367981417,481.65783093878895,425.8671855643777,-0.29359999
1997,12,-0.00419908,-0.08456,5.5,561.1776828860177,482.5532543483542,425.84597170740676,-0.36880001
1998,1,0,0,5.56,565.9168577730183,482.0445382621682,425.8954637083888,-0.31
1998,2,0.0229442,-0.19164,5.51,562.8771530843686,483.4762355213238,425.8431428530926,-0.29539999
1998,3,-0.00038669,-0.13567,5.49,571.7290824680993,483.88299909038943,425.85870056161497,-0.33950001
1998,4,0,0,5.45,577.1534576707019,483.68382202360937,425.98307517131053,-0.41729999
1998,5,-0.02062434,-0.12953,5.49,578.6345081638024,483.8558561611751,426.1199909189521,-0.3705
1998,6,0,0,5.56,576.0950147712542,484.80048039072034,426.0353228831314,-0.34549999
1998,7,-0.01747143,0.02716,5.54,580.0667171832984,484.76646277654476,426.2820712194002,-0.2983
1998,8,0.00624183,0.04839,5.55,579.9425932250647,485.1915664937643,426.41998480604394,0.085100003
1998,9,0.0363035,-0.6975,5.51,553.6152466605237,486.47285028972124,426.3623094,0.062100001
1998,10,-0.20150039,2.09497,5.07,555.4470071469192,486.8377167786115,426.58157999616407,0.1954
1998,11,-0.03373968,0.63962,4.83,566.6841826843919,487.26701808446256,426.5857920299452,0.19419999
1998,12,-0.008136,-0.1237,4.68,573.1981129014879,487.17742473720057,426.6868276535944,0.053300001
1999,1,0,0,4.63,575.0602445300092,487.56927560632715,426.8269857748736,0.057
1999,2,0.0100694,0.17015,4.76,577.0100661249359,488.1924185816195,426.77094609731637,-0.1806
1999,3,-0.02573371,-0.16838,4.81,578.2162261982253,488.70254727639787,426.8465922450716,-0.1513
1999,4,0,0,4.74,581.8063087688587,488.53438952671803,427.3285410856578,-0.1999
1999,5,0.10265329,-1.38561,4.74,588.2319099847184,488.8973722736621,427.3940184808824,-0.19509999
1999,6,-0.10518432,1.60132,4.76,582.4080862678234,488.9609180600074,427.42465274972875,-0.142
1999,7,0,0,4.99,586.3034406657839,489.87573834842885,427.69022022573245,-0.086499996
1999,8,0.00732746,0.59237,5.07,579.7424597,489.7100477882267,427.8719564807953,-0.032499999
1999,9,0,0,5.22,574.9265589258613,490.1699063637044,428.2302979800842,0.098200001
1999,10,0.0641457,-0.81193,5.2,569.4203408209207,490.8159369101731,428.39864818819564,0.1141
1999,11,0.07624969,-0.32364,5.42,584.6929983874686,491.44719710838467,428.48822737873957,0.071900003
1999,12,0.03242067,0.48527,5.3,579.5571310283933,492.2138994081038,428.72075842457787,-0.15369999
2000,1,0,0,5.45,577.3681602035869,491.2809871923143,428.99250518124984,0.022500001
2000,2,-0.00582671,-0.3357,5.73,574.0082259381818,491.6801300542684,429.30724625885216,0.090899996
2000,3,-0.00774995,-0.03942,5.85,562.3728655809824,492.1646141533755,429.7353431115929,0.33770001
2000,4,0,0,6.02,579.1854400176485,493.6053393219602,429.6523211059941,0.4955
2000,5,0.05960927,-0.64349,6.27,575.8144389342211,493.5925332778025,429.7353431115929,0.68589997
2000,6,-0.03534337,0.26977,6.53,582.1091323829869,493.7830238657854,430.0735231037276,0.72710001
2000,7,0,0,6.54,575.7512797077169,493.0248632685626,430.3240428937722,0.7931
2000,8,0.04780744,-0.15955,6.5,585.4470021899069,494.0221614613623,430.3172803340055,0.95209998
2000,9,0,0,6.52,594.4084638061173,494.05802230095804,430.74647133469773,1.0555
2000,10,0.03884197,-0.22039,6.51,596.6890052541403,494.41184553693853,430.88240217895145,1.4413
2000,11,0.00621384,-0.6872,6.51,596.1211503936961,494.37008399519095,431.0221777544266,1.5232
2000,12,0.02151906,-0.56081,6.4,589.8334489110175,494.0358737258806,431.1751691684374,1.5137
2001,1,-0.19405822,3.99301,5.98,598.4162955,493.9466753761898,431.6581035598813,1.0968
2001,2,0,0,5.49,597.9847327767791,493.7474410478525,431.8127909,1.1246001
2001,3,-0.06791155,-0.60045,5.31,591.0362946,493.9002016403824,431.82211781121396,1.0707
2001,4,-0.50644109,2.32456,4.8,587.8827622,494.5355672944135,431.99783436712227,0.89160001
2001,5,-0.14831302,0.37291,4.21,591.3935344598744,494.9768010574369,432.2608316230881,0.73019999
2001,6,0.08603963,-0.52379,3.97,595.1501558536452,494.34507618722836,432.43710384357155,0.9612
2001,7,0,0,3.77,595.0303953602894,494.3169591,432.40399367248676,0.71869999
2001,8,-0.09010571,-0.6934,3.65,593.2616471298776,495.40050334706575,432.39207132668486,0.70480001
2001,9,-0.07529557,,3.07,586.8166330763488,493.9540950791943,432.05102090686324,1.1468
2001,10,-0.0603141,-0.35196,2.49,580.5887697593354,494.8327738,432.40266903758925,0.97610003
2001,11,-0.17758018,0.6426,2.09,578.551606,494.4092612705794,432.33508938046856,-0.17839999
2001,12,-0.0724479,0.26526,1.82,585.2863181,496.07140152909324,432.2316438392951,0.38100001
2002,1,0.02633679,-0.03735,1.73,587.2849916,496.2869382812029,432.3218331102334,0.53390002
2002,2,0,0,1.74,585.4928645,495.7658315552563,432.4900573251764,0.72049999
2002,3,-0.07093456,-0.33914,1.73,583.8837705649066,496.10513669912376,432.7610046826654,0.23649999
2002,4,0,0,1.75,590.2059398240283,496.0911321297718,433.1785418237135,0.37900001
2002,5,-0.03313765,-0.29932,1.75,587.3609633868466,496.1323990610752,433.24424053181207,0.48640001
2002,6,0.00566774,-0.48238,1.75,587.0285125256265,496.59342980482774,433.36894928743186,0.8818
2002,7,0,0,1.73,581.9904872958058,496.9926378005465,433.58910689381787,1.4642
2002,8,-0.1023151,-0.60374,1.74,573.5539506269392,496.34545496613185,433.78526744215014,1.3775001
2002,9,-0.01267204,-1.01173,1.75,575.3936787316924,496.58108479557023,433.96539593026324,1.5314
2002,10,0,0,1.75,562.7657084266709,496.40891443927967,434.14780402764063,1.3714
2002,11,-0.10318158,-0.53662,1.34,571.1949037322595,496.8011560233884,434.2466864047111,1.0177
2002,12,0.01814157,-0.2987,1.24,575.0507015,497.4148688316428,434.3428727536664,0.86309999
2003,1,0.04342205,0.15934,1.24,569.3429063,497.15122329409667,434.64124103147117,0.8301
2003,2,0,0,1.26,567.4353663965389,497.3979462937049,435.06133639681383,0.59420002
2003,3,0.00703319,-0.43291,1.25,564.1020152919884,496.8363856087355,435.3176955944818,0.078000002
2003,4,0,0,1.26,563.5039571924457,497.72657320757173,435.1477216934784,0.0163
2003,5,-0.0901985,0.12916,1.26,574.8819573130922,498.0032418924238,435.03295479306274,-0.58929998
2003,6,0.14221599,-0.20488,1.22,579.8334791597424,499.04920303501024,435.1412776056045,-0.42950001
2003,7,0,0,1.01,579.9001741237136,499.30209923706326,435.4347066,-1.0964
2003,8,-0.03448743,-0.07643,1.03,584.1280987841834,499.82329809914773,435.7721134645773,-0.19660001
2003,9,-0.00339972,0.09982,1.01,582.9504285055897,500.34138649610156,436.0841301880897,-0.58139998
2003,10,-0.0817273,-0.0135,1.01,583.4225771,500.6355321381573,436.09689701478464,-0.52029997
2003,11,0,0,1,589.8334489110175,501.24457547261125,436.22320073457024,-0.54180002
2003,12,0.02845916,-0.11632,0.98,589.3906843513176,501.4027536601781,436.4435310643477,-0.4955
2004,1,0.12624922,-0.91791,1,593.9697456,500.8062106213303,436.82952897875833,-0.70880002
2004,2,0,0,1.01,596.8758709572344,501.6097374243331,437.0422061315747,-0.32820001
2004,3,-0.05886477,-0.05315,1,599.3562345190128,502.3851114141496,437.19636724780423,-0.51599997
2004,4,0,0,1,598.1590963309683,502.18505348308344,437.38180361239927,-0.7367
2004,5,0.00612909,0.36501,1,593.1900300395101,503.0135972894409,437.70643428440667,-0.3466
2004,6,-0.02737725,0.26758,1.03,594.8791883,502.3242786542223,437.9911900198316,-0.35969999
2004,7,0,0,1.26,595.1709691325923,503.48385271021004,438.08384290370725,-0.3026
2004,8,0.04971448,-0.30232,1.43,592.8205207468791,503.60458166176335,438.13514067588136,-0.4201
2004,9,-0.01419391,0.0293,1.61,595.9896477640319,503.6952359223253,438.3325790405501,-0.5564
2004,10,0,0,1.76,594.9287468208796,504.35817275668535,438.76110129677824,-0.53189999
2004,11,-0.02838619,0.1175,1.93,595.1501558536452,504.3213470627906,439.1457028402968,-0.66100001
2004,12,-0.01455039,0.06497,2.16,597.8911081036362,504.9098240381021,439.1989341688088,-0.71539998
2005,1,0,0,2.28,601.8812169,505.9824700452291,439.33003468972566,-0.70609999
2005,2,-0.01397984,0.01929,2.5,599.5356961823325,505.7296539846809,439.60774578965413,-0.94779998
2005,3,0.06765631,-0.33953,2.63,598.7707498,505.83512316724983,439.90681005287337,-0.65689999
2005,4,0,0,2.79,594.6650219,505.99570045498854,440.1866026000139,-0.44580001
2005,5,0.005633,0.621,3,594.4896911291647,506.11487771062906,440.24295719440465,-0.352
2005,6,0.04697282,-0.41325,3.04,597.0419648512232,507.1707287447348,440.3054001865957,-0.51359999
2005,7,0,0,3.26,598.2474255269849,507.27861004940326,440.72800655860124,-0.6099
2005,8,-0.01986487,0.21427,3.5,599.5456568,507.3116895,441.13062717388624,-0.6182
2005,9,0.02471223,-0.15015,3.62,597.5131892487084,506.54415598406064,442.0910752723848,-0.50669998
2005,10,0,0,3.78,598.3180327520284,506.8120761220306,442.2508571381033,-0.3978
2005,11,0.00645912,0.2192,4,601.2516393804593,507.5122689797558,442.0417676822263,-0.3721
2005,12,-0.02711052,0.52662,4.16,605.4298491,508.5365400839733,442.0417676822263,-0.35499999
2006,1,0.02985199,-0.22803,4.29,605.5377872851634,508.6482617840197,442.5253734607981,-0.40920001
2006,2,0,0,4.49,606.2645024040346,508.9710547247891,442.58521142139114,-0.37400001
2006,3,0.04601083,-0.62108,4.59,608.0276386,509.81484530577364,442.7788408370544,-0.44220001
2006,4,0,0,4.79,608.0962413552273,509.23600711730217,443.24226516284097,-0.47549999
2006,5,0.05077098,-0.19309,4.94,612.0758850936375,509.60588829504456,443.51052094995384,-0.36919999
2006,6,-0.04296139,0.54151,4.99,608.0596590560792,509.36011118758813,443.75677692001574,-0.41069999
2006,7,0,0,5.24,607.3344028418012,509.0804177460907,444.09792712664176,-0.32010001
2006,8,-0.04054683,-0.2469,5.25,609.6162343,509.44652410875096,444.41207644696766,-0.3459
2006,9,0.0178247,-0.26777,5.25,610.3966998320441,510.05966303221663,444.1497650165867,-0.421
2006,10,-0.010461,-0.07474,5.25,614.3820761,510.5316261467882,443.91392141301174,-0.44049999
2006,11,0,0,5.25,616.6215855071769,511.1575769078681,443.94815323359353,-0.41690001
2006,12,-0.03226615,0.26109,5.24,616.8480386778406,511.03411988499835,444.3027656231281,-0.53130001
2007,1,-0.00805751,0.4816,5.25,620.5183829,510.9981746660413,444.63620101787757,-0.58279997
2007,2,0,0,5.26,621.2185165489439,511.76083484349147,444.94632958935273,-0.60930002
2007,3,-0.08335045,0.81634,5.26,617.8815103923378,510.9737882861983,445.31139778894453,-0.39719999
2007,4,0,0,5.25,617.0175427,511.69220207179836,445.5462952747063,-0.3989
2007,5,0.0365754,-0.13457,5.25,620.9173356932147,511.6691280456411,445.8362480416091,-0.62040001
2007,6,0.01206259,-0.27362,5.25,622.8491279530788,511.74581799721193,446.0479617866325,-0.41890001
2007,7,0,0,5.26,618.4993894646011,511.4537413061675,446.2003955594366,-0.033399999
2007,8,-0.04407997,-1.25388,5.02,610.2155829,512.6199045126343,446.26845376913354,0.084600002
2007,9,-0.20509211,1.32029,4.94,611.4699361,512.6918229219974,446.65286157616026,0.0125
2007,10,0.05345248,-0.41526,4.76,613.4460385235769,512.3591434587892,446.95566271592446,-0.080399998
2007,11,0,0,4.49,611.4345676483798,512.1819989165084,447.4845076311854,0.252
2007,12,0.0378258,-1.76769,4.24,603.0420802218395,512.2899773,447.71549797654586,0.3937
2008,1,-0.27966567,,3.94,597.1465900601291,512.2795035576074,447.9674987909885,0.62669998
2008,2,0,0,2.98,596.5402872780123,510.89921828625125,448.1668329000747,0.82959998
2008,3,0.1542557,0.47764,2.61,584.4008077640107,511.0449232336514,448.45268134657476,1.0456001
2008,4,-0.07965366,0.16293,2.28,581.2816235680323,511.31242033898207,448.6375388673455,0.5636
2008,5,0,0,1.98,587.4312562297123,511.18855126407146,449.0656799,0.59429997
2008,6,-0.05339118,0.03392,2,580.8532804188333,512.0406254894075,449.7885598267991,0.69239998
2008,7,0,0,2.01,560.1934302012123,511.1432184915431,450.2528194016212,0.95450002
2008,8,-0.03600638,0.13432,2,566.7775259350199,510.85497561850923,450.1718957591886,1.0999
2008,9,0.10555427,-0.62947,1.81,565.4557215846822,510.03367064854643,450.2550355663266,1.6214
2008,10,-0.11447943,,0.97,560.0937311364024,509.9306852667619,449.5924354478613,3.1241
2008,11,-0.09246889,1.64061,0.39,534.2956068166417,511.1555911425641,448.40528477178276,2.6445999
2008,12,-0.24761027,1.59331,0.16,513.5504276142125,509.8614751258989,447.84498312088556,2.7451
2009,1,-0.01051577,-0.1973,0.15,512.8655338700836,510.2034223515318,447.8563334721912,2.4233
2009,2,0,0,0.22,482.01202622737725,509.75999173739694,448.0354982,2.8929
2009,3,-0.06080585,1.80819,0.18,461.66045636137545,509.35579274464783,447.92554273084073,2.4247999
2009,4,0.01684608,0.62292,0.15,477.9207523194349,509.15392528838083,448.0683480865088,2.0339999
2009,5,0,0,0.18,497.9488565099419,509.1712529918783,448.17249,1.1943001
2009,6,0.03844336,-0.6802,0.21,510.25457620296777,508.77289308529373,448.76471165375665,0.77600002
2009,7,0,0,0.16,507.99125695810005,508.5573376554311,448.7759580970807,0.19400001
2009,8,-0.01414656,-0.26438,0.16,516.4100024428228,508.9901948997915,449.0656799,-0.065499999
2009,9,-0.08797793,0.52867,0.15,528.5080139766015,508.8935959016314,449.22702087726407,-0.042399999
2009,10,0,0,0.12,530.4200029706192,509.9099441791883,449.6058197904312,-0.2261
2009,11,-0.0248939,0.08621,0.12,524.1905732622074,509.4683180072263,449.8553326,-0.082400002
2009,12,0.00162264,-0.05211,0.12,528.3305246427533,508.93047445437423,449.9131663,-0.52429998
2010,1,0.02768005,0.09656,0.11,526.6723494956858,509.4777363493904,450.13196408618643,-0.2218
2010,2,0,0,0.13,525.1854492137695,509.66993236791484,450.1297452,-0.015900001
2010,3,-0.0358241,0.19305,0.16,528.5384091136137,510.31391617336163,450.27054734422904,-0.14470001
2010,4,-0.00672185,0.16698,0.2,536.9474560864364,510.89552710222443,450.32481962627077,-0.27419999
2010,5,0,0,0.2,538.2382741665705,510.9332139786659,450.3569260871414,-0.1867
2010,6,0.0037771,0.34692,0.18,528.5333438989741,511.51877403610547,450.3148534558742,-0.0383
2010,7,0,0,0.18,522.3809314372975,511.92297040681575,450.40008749487333,0.1234
2010,8,-0.01793174,0.68052,0.19,528.7862908644178,511.76524112412204,450.5371949909205,-0.40669999
2010,9,-0.00565893,0.59361,0.19,520.5489104236842,512.2971335796345,450.6365908929489,-0.075000003
2010,10,0,0,0.19,526.3622397,512.5236289,450.9550958,-0.031500001
2010,11,-0.00185915,-0.30103,0.19,527.7246935928745,512.1733878330631,451.15405932059633,-0.16670001
2010,12,-0.00467162,0.01285,0.18,526.8579548284081,512.6804455335862,451.3800233283323,-0.41980001
2011,1,-0.00794431,-0.08019,0.17,536.9567688076203,511.6043589958857,451.67978833591195,0.0233
2011,2,0,0,0.16,539.6804313262691,511.4909956204122,451.95796173538884,-0.24250001
2011,3,0.00677178,0.27359,0.14,542.3980384543694,512.5888709219292,452.3591298995064,-0.28380001
2011,4,-0.01033672,0.1752,0.1,539.6849622612283,512.6204166117568,452.7824670951344,-0.24600001
2011,5,0,0,0.09,539.5852342384569,512.2061265691723,453.0856038735591,-0.1287
2011,6,0.00338589,0.10646,0.09,536.1714611677828,511.9299926157077,453.06513602148095,-0.003
2011,7,0,0,0.07,533.2090576654958,512.3694803396511,453.2352150738686,-0.070500001
2011,8,-0.0263505,-0.87788,0.1,529.4208938503493,512.7739131844089,453.47048023155867,-0.2041
2011,9,0.05429585,-0.609,0.08,519.2011960177106,511.9619055601684,453.61094550558835,0.2823
2011,10,0,0,0.07,506.9218618195153,513.5307011997585,453.6130884851872,-0.2341
2011,11,0.00957808,-0.13996,0.08,520.1696327943611,513.1982290969439,453.8175317163813,0.38069999
2011,12,0.00940909,-0.81154,0.07,515.0165325524177,513.0959931930859,453.8752567118376,0.1445
2012,1,-0.01802415,0.30319,0.08,516.6099396720327,513.4255395850067,454.21664864090906,0.050500002
2012,2,0,0,0.1,524.2751801098328,514.9054373,454.44005536581403,-0.058600001
2012,3,0.00805751,0.02241,0.13,529.0033147,513.7644092571342,454.63115039816853,-0.46020001
2012,4,0,-0.0166,0.14,536.0540709728168,514.3901976024914,454.76258153234477,-0.285
2012,5,0,0,0.16,533.5275907533569,514.7756588863539,454.65023983222477,-0.26359999
2012,6,0.01631926,-0.02733,0.16,523.7452090776761,514.7834667286393,454.59932657458575,0.0195
2012,7,0,0,0.16,528.5080139766015,515.3756609084982,454.63539280955575,-0.1638
2012,8,0.01274371,-0.1668,0.13,528.5434740717022,514.7634092903844,454.9710328783724,-0.36379999
2012,9,0.01577163,0.61107,0.14,531.5125318197405,515.0142913145363,455.27499410407586,-0.28080001
2012,10,0,-0.00141,0.16,534.7440808507589,514.5461798626159,455.5706795252501,-0.2911
2012,11,0,0,0.16,536.5415110080531,515.0370813349737,455.5023602297499,-0.15800001
2012,12,-0.00356494,0.39349,0.16,535.4697699984144,515.7382535943711,455.48658760783434,-0.2511
2013,1,-0.00338589,-0.07702,0.14,539.9248085126477,516.5089290365482,455.6767446759924,-0.15350001
2013,2,0,0,0.15,545.5406581790812,515.7037858291897,456.0319252850195,-0.1047
2013,3,0.00183907,0.10916,0.14,546.6666765775108,516.1950067416253,455.90005851412405,-0.1602
2013,4,0,0,0.15,550.2930281242812,516.4068787836504,455.7984234381337,-0.2026
2013,5,0.00112635,0.14053,0.11,552.9429087511423,516.2502227168393,455.87177871147526,-0.57160002
2013,6,0.00475918,-0.06366,0.09,558.6499314041469,517.0400195205673,456.0936126990842,-0.42910001
2013,7,-0.00411828,-0.03255,0.09,556.8573485176439,517.1750320454859,456.21791741829963,-0.040600002
2013,8,0,0,0.08,562.0002235550064,517.6472760327642,456.3660455031338,-0.1514
2013,9,-0.01518739,1.00779,0.08,556.6434283504977,517.6573654076484,456.40981602126266,-0.16509999
2013,10,0.00221336,-0.29372,0.09,559.2366625377977,518.2349320938526,456.5420532970781,-0.055399999
2013,11,0,0,0.08,562.3367475468556,518.7030565833617,456.6907413862759,-0.0017
2013,12,0.00135158,0.7595,0.09,566.6149833182646,518.6227476336553,456.8651419287671,-0.14139999
2014,1,0.00327533,-0.40308,0.07,568.5991821980974,517.8239861434246,457.07236582537234,-0.32769999
2014,2,0,0,0.07,564.8023081729959,518.2360351248739,457.11996664169374,-0.2269
2014,3,0.01611501,-0.20472,0.08,567.6993499565987,518.2263848460948,457.28019409553616,-0.29629999
2014,4,0.00110668,0.01755,0.09,570.7309580432358,518.9752324016677,457.4576949,-0.39039999
2014,5,0,0,0.09,569.0798547097905,519.6283376,457.6225295264303,-0.4113
2014,6,0.00695083,0.31782,0.1,570.3048872,519.8849129295735,457.73158303518045,-0.34150001
2014,7,-0.00584415,0.39686,0.09,572.5576581691871,520.5287941648896,457.87338039150535,-0.35699999
2014,8,0,0,0.09,570.9930205242435,521.1812859,457.86105816527413,-0.36129999
2014,9,0.0137226,0.24878,0.09,574.9361138267365,520.8158601337011,457.8959671968004,-0.26570001
2014,10,0.0218359,-0.29393,0.09,574.3932243,521.4259195,457.8661926107295,-0.27739999
2014,11,0,0,0.09,577.2063982072607,521.6304478876237,457.7706487483181,-0.013
2014,12,-0.04968888,0.74124,0.12,579.3013608384144,521.6811828236055,457.5947327311188,-0.0219
2015,1,-0.00589892,-0.25168,0.11,580.9102989514006,522.7070109047704,457.11375912438837,-0.20550001
2015,2,0,0,0.11,573.6604555023428,523.2026385540566,457.29052254008155,-0.4364
2015,3,-0.06350085,1.42474,0.11,579.1549121912979,522.7006556155882,457.4793449329375,-0.25510001
2015,4,0,0.09256,0.12,578.3671324340357,523.5756276676346,457.56795814210324,-0.1055
2015,5,0,0,0.12,578.4440377673656,523.4295813899435,457.8076442989975,-0.0515
2015,6,-0.04185531,0.33272,0.13,580.0697426730497,523.6820116214535,458.00164671045513,0.084700003
2015,7,-0.00935432,0.12738,0.13,579.5875363313123,523.742264,458.0928721615057,0.1126
2015,8,0,0,0.14,582.5528019563351,523.8090317873084,458.10004366808863,0.2967
2015,9,-0.07006399,0.14133,0.14,575.3556281874277,524.3517781388344,457.9616452739727,0.40779999
2015,10,0.03971968,-0.6055,0.12,572.1393158915862,524.4202264,457.9616452739727,0.31189999
2015,11,0,0,0.12,578.0650918912778,523.9291560266832,458.02420456632404,0.38510001
2015,12,0.02448184,0.13922,0.24,579.7515654073048,524.3282982214719,457.9400994094128,0.55519998
2016,1,-0.02751435,-0.36597,0.34,577.3712684482059,524.5321987865186,457.9811351521201,0.74180001
2016,2,0,0,0.38,567.9831253833687,524.4324281217545,457.9288116273988,0.76950002
2016,3,-0.08519224,0.26709,0.36,564.7600054967209,525.0389479349412,458.1625164662902,0.42289999
2016,4,0.01075061,0.24476,0.37,571.6073298740433,525.1491679843466,458.48960475480015,0.082599998
2016,5,0,0,0.37,574.8245831362722,524.9186826280508,458.65274857163854,0.089100003
2016,6,-0.04285424,-0.04467,0.38,576.6256365911555,525.0330548564627,458.8278318317873,-0.14489999
2016,7,0.00514028,0.21188,0.39,573.1365215741928,525.1937754830723,458.84511993812174,-0.18889999
2016,8,0,0,0.4,576.4877574016011,525.6602439710348,458.9843327478583,-0.184
2016,9,-0.03527646,0.29354,0.4,579.9940779549228,526.0969874003282,459.1740408876367,-0.2368
2016,10,0,0,0.4,577.0880218188695,525.7497057775711,459.37856271214537,-0.20119999
2016,11,0.00331647,0.06189,0.41,579.2251122643809,526.3503986302632,459.4119349801007,-0.90090001
2016,12,0.03712366,-0.24159,0.54,592.0344414604856,526.5891635463685,459.5836764807015,-0.33360001
2017,1,0,0,0.65,595.7209484678874,526.4320823364957,459.96650605535996,
2017,2,-0.02051911,0.16147,0.66,595.8450532489221,526.4868967972292,460.10215924617575,
2017,3,-0.04693258,0.28177,0.79,600.7288682454868,527.0086408407437,460.0509341105896,
2017,4,0,0,0.9,597.7821908066824,526.6251474821646,460.24163977914696,
2017,5,0.01381378,0.03859,0.91,596.8093560784741,527.3253462048249,460.19851190433167,
2017,6,0.01913702,-0.0406,1.04,595.3918431034012,527.8282180086898,460.28274439096134,
2017,7,-0.01319881,0.02098,1.15,601.5156659,527.8797097709654,460.31982429858624,
2017,8,0,0,1.16,603.1093830631175,528.1244166023496,460.5440149544651,
2017,9,0.04200895,-0.14615,1.15,601.2369507787878,528.6106664253967,460.9162207257629,
2017,10,0,0,1.15,606.1643381729228,528.7139952949976,461.04661376472745,
2017,11,0.00182186,0.08571,1.16,608.9407621437946,529.4959911418058,461.18975067375186,
2017,12,-0.00584415,0.07573,1.3,612.1637180410289,529.8160542,461.33466672722267,
2018,1,0.00513021,-0.10361,1.41,613.9755233520124,529.8706968406989,461.7088875381619,
2018,2,0,0,1.42,620.1421536618016,530.3476100946738,461.9230869636426,
2018,3,-0.00152057,0.3479,1.51,617.1450044,530.0534333208942,462.02952237331607,
2018,4,0,0,1.69,612.5842456336202,530.3808473115225,462.26760601177574,
2018,5,-0.00520895,0.1428,1.7,612.1066354013828,530.9718901,462.4394214555757,
2018,6,0.01793146,-0.13533,1.82,610.9780773926025,531.0478900299073,462.5257086600273,
2018,7,0,0,1.91,608.9384953668114,531.3907388856966,462.63150493371984,
2018,8,-0.00297867,0.02134,1.91,613.9561224099281,531.6030084977562,462.70099525925474,
2018,9,0.001063,0.22624,1.95,615.1284838555424,531.5611594201176,462.9062478407693,
2018,10,0,0,2.19,612.7262120005203,531.6359817340598,463.07891986057103,
2018,11,0.00416709,0.09441,2.2,607.7298147457585,531.7046316685327,463.1130287657623,
2018,12,0.02319353,-0.94125,2.27,610.273755,531.7927669531275,463.1821853985452,
2019,1,-0.02494451,0.77383,2.4,598.1161654112085,532.4221799268313,463.19484270206954,
2019,2,0,0,2.4,606.3552623502235,532.3393228,463.33882840620754,
2019,3,-0.03277562,0.50599,2.41,608.5091492886606,532.3446492317493,463.5272529804535,
2019,4,0,0,2.42,605.7228879132308,532.7203184172408,463.8324458520251,
2019,5,-0.04719874,0.20476,2.39,614.1929872924206,533.1074689,463.88563811428884,
2019,6,-0.06827621,0.23767,2.38,606.5295695235183,533.6546070110361,463.9272050933063,
2019,7,0.04801467,-0.13745,2.4,612.8875902930943,534.1736957289958,464.0614546921286,
2019,8,0,0,2.13,615.1561796704557,534.3568146117877,464.11259596376607,
2019,9,0.03148517,-0.37358,2.04,609.9533890576727,534.5337404352341,464.20227125844804,
2019,10,0.01160735,0.34921,1.83,614.3198022133913,534.4485991151396,464.40158288112895,
2019,11,0,0,1.55,616.5396845607379,535.1730979909205,464.4362052571468,
2019,12,-0.00362073,0.16766,1.55,621.2525932217868,535.1332579033252,464.7098768014486,
2020,1,0.00889675,0.02827,1.55,623.7132508500864,535.070478,464.8785076740238,
2020,2,0,0,1.58,620.8791213100627,535.4533350657971,464.9674991,
2020,3,-0.19555916,,0.65,608.8364371847941,530.4884094623956,464.66767461398166,
2020,4,-0.01422855,-0.18878,0.05,584.6496576855376,520.6767277027354,464.2427434,
2020,5,0,0,0.05,593.5793262237518,525.1123292949547,464.33326470824403,
2020,6,-0.00227921,0.59258,0.08,595.9767460364727,530.4839015356173,464.6302532344233,
2020,7,-0.0041468,0.06893,0.09,595.4515252329703,532.1685219535904,464.9579338955497,
2020,8,0,0,0.1,598.9111781524385,532.9028075745135,465.2711952185325,
2020,9,-0.00094649,0.40618,0.09,602.9554813855117,534.0393954134718,465.4417388556704,
2020,10,0,0,0.09,599.2164302222255,534.5729705,465.5140605762731,
2020,11,-0.00110668,0.0341,0.09,598.1641458,533.8392703690023,465.5834782786722,
2020,12,0.00025959,-0.16237,0.09,613.6538443000269,534.3935982130234,466.0671115848965,
2021,1,0.00178298,-0.34152,0.09,619.5282557302302,535.7982196475374,466.4806083883965,
2021,2,0,0,0.08,617.5825689199708,534.5800754313277,466.8351536586216,
2021,3,-0.00816395,0.53485,0.07,628.3462293627365,536.6580315855689,467.3445466735049,
2021,4,-0.00450365,0.05755,0.07,633.8099256152299,536.9438899103125,467.89966899619327,
2021,5,0,0,0.06,640.0224222165576,537.1782207463068,468.4046059328992,
2021,6,0.02260112,-0.49477,0.08,644.5926147304859,537.4225411444851,468.90976459233775,
2021,7,0.00221336,0.18406,0.1,641.4442080300778,537.7739907861982,469.3913396,
2021,8,0,0,0.09,640.8364032841808,538.0049986,469.81139316308287,
2021,9,0,0.37317,0.08,645.7177735561504,538.4750103733875,470.13527124601245,
2021,10,0,0,0.08,643.7111444848979,539.6667008588556,470.7798973872798,
2021,11,0.00596157,0.23372,0.08,650.5918580227976,539.5811132279445,471.3970777793081,
2021,12,0.03552127,0.62031,0.08,644.6306948578798,540.3169369,472.06394357942054,
2022,1,-0.00795803,-0.2151,0.08,647.7033899457807,539.5252982403885,472.5873398220004,
2022,2,0,0,0.08,647.6233629,539.5359906615387,473.1767594009685,
2022,3,0.09831256,-0.74763,0.2,646.1233773883605,539.4979235,474.01030960280985,
2022,4,0,0,0.33,645.7726811,539.5097346231381,474.3095660479219,
2022,5,-0.03187379,-0.14965,0.77,635.2106611607826,539.9758147289875,474.8802888166934,
2022,6,0.0764084,-0.12554,1.21,637.7525948340634,539.9808049445082,475.78483536297966,
2022,7,-0.00573564,0.05081,1.68,626.0250456300893,539.8377871766654,475.7985689149269,
2022,8,0,0,2.33,632.8008209749723,540.9557662207912,476.12333216196794,
2022,9,0.09164352,-1.35205,2.56,630.5946766,540.4863657066591,476.4854100626198,
2022,10,0,0,3.08,622.3349778358947,540.7517732422638,476.93447441759974,
2022,11,-0.07652252,0.70408,3.78,633.4894664296613,541.1946967109076,477.1565592231787,
2022,12,0.08745958,-1.14497,4.1,640.0971476042478,541.0292663223075,477.36294367888974,
2023,1,0,0,4.33,634.5180116414062,541.454262,477.92159258142857,
2023,2,0.01037026,0.13746,4.57,641.0010394754677,541.5014444483195,478.2361941152517,
2023,3,-0.02787335,0.28513,4.65,638.5228125241805,541.5284430359275,478.35673858898895,
2023,4,0,0,4.83,628.2789974474562,541.4161092,478.6599678344187,
2023,5,0.01850483,0.11806,5.06,631.2496769241302,541.8696115760854,478.76583955613665,
2023,6,0.05250713,-0.69926,5.08,626.6669098,542.1298161844127,478.93317156599346,
2023,7,0.00397215,0.08908,5.12,632.9916964733205,542.7128638629599,479.05952552346764,
2023,8,0,0,5.33,637.5876246018314,543.2186478311808,479.4161119629431,
2023,9,0.05132388,-0.17053,5.33,634.6828632246613,543.5683877574551,479.79947261751914,
2023,10,0,0,5.33,631.3837859349693,543.2021611044015,479.83410094053517,
2023,11,-0.013891,0.01259,5.33,628.7244989065904,543.9896697,479.82338393139486,
2023,12,-0.05166427,0.66225,5.33,638.8712654611114,544.7209450389267,479.9486187630414,
2024,1,0.02135303,-0.30595,5.33,643.9909320290202,544.0534752007463,480.3250255948611,